<?xml version="1.0" encoding="utf-8" standalone="yes"?>
<rss version="2.0" xmlns:atom="http://www.w3.org/2005/Atom">
  <channel>
    <title>Pink Joker Hold and Win Play Now and Win Big Best Online Casino on Pink Joker</title>
    <link>https://pinkjoker-canada.com/privacy-policy/</link>
    <description>Recent content in Pink Joker Hold and Win Play Now and Win Big Best Online Casino on Pink Joker</description>
    <generator>Hugo</generator>
    <language>en</language>
    <lastBuildDate></lastBuildDate>
    <atom:link href="https://pinkjoker-canada.com/privacy-policy/index.xml" rel="self" type="application/rss+xml" />
  </channel>
</rss>
